config_id,radius,n_bits,use_chirality,query_n,public_parent_unique_n,median_tanimoto,iqr_low_tanimoto,iqr_high_tanimoto,identity_excluded_query_n,output_csv,output_csv_sha256,elapsed_seconds,outcome_values_accessed,nn_ge_0_6_n,nn_ge_0_7_n,nn_ge_0_8_n,nn_ge_0_9_n
r2_b1024_chiral_off,2,1024,False,1978,2194629,0.6296296296296297,0.56,0.7209302325581395,380,r2_b1024_chiral_off_per_query.csv,sha256:6a79fd0a58e875214a207fff172fd9e7eb9cc380c9e41157edc0ee742771c933,647.3553926823661,False,1228,597,221,54
r2_b1024_chiral_on,2,1024,True,1978,2194629,0.627906976744186,0.5583105335157319,0.717948717948718,380,r2_b1024_chiral_on_per_query.csv,sha256:0e85ea4502ee5a3326f25ac308d8cd28c8bf2e88e59457f9713bbe8aa9ec38f0,645.9942159010097,False,1216,586,213,46
r2_b2048_chiral_off,2,2048,False,1978,2194629,0.625,0.553898128898129,0.717391304347826,380,r2_b2048_chiral_off_per_query.csv,sha256:b0cc1b606c92d4244e0d7e308d8d9e8bbaf3a245b619c7ccd5af15fa0db4c8ed,682.216420006007,False,1190,576,204,49
r2_b2048_chiral_on,2,2048,True,1978,2194629,0.6226415094339622,0.5517241379310345,0.7142857142857143,380,r2_b2048_chiral_on_per_query.csv,sha256:858270174a8d2dcca74d5222a45efb4c13be47ca6912a5e5c5207687bc5795ad,683.2407123669982,False,1181,566,196,41
r3_b1024_chiral_off,3,1024,False,1978,2194629,0.5669154228855722,0.4936708860759494,0.6570362473347549,380,r3_b1024_chiral_off_per_query.csv,sha256:de5deed72128b67f45c347d6086370a878a1f85ebe871f691f08ff42cdf7277b,723.1581407785416,False,778,338,111,24
r3_b1024_chiral_on,3,1024,True,1978,2194629,0.5660377358490566,0.4925373134328358,0.6538461538461539,380,r3_b1024_chiral_on_per_query.csv,sha256:38e9404e46e0ce8ed56eba870a40c07833ea78efb635102dda7f6ca9fbcd5afc,724.9552856590599,False,763,328,105,18
r3_b2048_chiral_off,3,2048,False,1978,2194629,0.5605228105228105,0.4864864864864865,0.65,380,r3_b2048_chiral_off_per_query.csv,sha256:2a35bc22883356b5ebfe339163817765b2c50fa873ef23f6e497854f1798608f,763.927388664335,False,744,317,102,23
r3_b2048_chiral_on,3,2048,True,1978,2194629,0.5590727816550349,0.483955857385399,0.6450551782682512,380,r3_b2048_chiral_on_per_query.csv,sha256:80b80b25998c59bbab4575a143c80c4fff29119027ec233056fa324f35b939ed,761.7944079600275,False,727,305,94,17
